City_ID,City,Country,Date,Lat,Lng,Max Temp,Humidity,Cloudiness,Wind Speed
0,Vaitape,PF,2022-04-20 18:01:26,-16.5167,-151.75,80.17,71,3,5.23
1,Thompson,CA,2022-04-20 18:00:09,55.7435,-97.8558,31.44,85,100,9.62
2,Nanortalik,GL,2022-04-20 18:01:26,60.1432,-45.2371,31.19,58,47,12.46
3,Pulwama,IN,2022-04-20 18:01:27,33.874,74.8996,52.72,86,67,0.74
4,Touros,BR,2022-04-20 18:01:27,-5.1989,-35.4608,85.23,65,92,14.07
5,Burley,US,2022-04-20 17:59:00,42.5357,-113.7928,51.21,36,52,6.76
6,Muriti,TZ,2022-04-20 18:01:27,-1.9833,32.9167,72.84,78,100,10.67
7,Tuktoyaktuk,CA,2022-04-20 18:01:28,69.4541,-133.0374,5.45,97,98,2.66
8,Hobart,AU,2022-04-20 17:57:14,-42.8794,147.3294,49.86,70,40,18.41
9,Luhyny,UA,2022-04-20 18:01:28,51.082,28.4006,43.3,75,100,5.5
10,San Juan,AR,2022-04-20 18:01:29,-31.5375,-68.5364,75.94,36,0,20.2
11,Ostrovnoy,RU,2022-04-20 18:01:29,68.0531,39.5131,31.73,90,86,6.78
12,Faanui,PF,2022-04-20 18:01:30,-16.4833,-151.75,80.19,71,4,5.14
13,Butaritari,KI,2022-04-20 18:00:34,3.0707,172.7902,80.73,81,73,14.61
14,Hermanus,ZA,2022-04-20 18:01:30,-34.4187,19.2345,59.81,80,61,3.11
15,Rikitea,PF,2022-04-20 18:01:31,-23.1203,-134.9692,78.53,70,14,16.11
16,Vaini,TO,2022-04-20 18:00:34,-21.2,-175.2,81.01,72,100,10.09
17,Mataura,NZ,2022-04-20 18:00:38,-46.1927,168.8643,56.48,99,99,5.21
18,Haikou,CN,2022-04-20 18:00:31,20.0458,110.3417,71.46,92,22,5.82
19,Gladstone,AU,2022-04-20 18:01:31,-23.85,151.25,70.79,88,9,5.75
20,Tarko-Sale,RU,2022-04-20 18:01:32,64.9225,77.785,5.92,91,60,16.33
21,Albany,US,2022-04-20 18:01:32,42.6001,-73.9662,50.95,44,13,5.99
22,Lubumbashi,CD,2022-04-20 18:01:33,-11.6609,27.4794,62.87,97,93,3.47
23,Methoni,GR,2022-04-20 18:01:33,36.8197,21.7049,57.06,75,10,4.03
24,Zhangjiakou,CN,2022-04-20 18:01:34,40.81,114.8794,60.89,22,95,6.69
25,Nikolskoye,RU,2022-04-20 18:01:34,59.7035,30.7861,53.49,93,36,8.68
26,Swan River,CA,2022-04-20 18:01:34,52.1058,-101.2676,32.94,100,97,10.2
27,Dikson,RU,2022-04-20 18:01:35,73.5069,80.5464,-4.2,100,89,9.17
28,Punta Arenas,CL,2022-04-20 18:01:35,-53.15,-70.9167,51.12,66,84,21.05
29,Puerto Ayora,EC,2022-04-20 18:01:35,-0.7393,-90.3518,76.73,82,73,8.39
30,Wasilla,US,2022-04-20 18:01:36,61.5814,-149.4394,40.51,36,0,5.75
31,Nuuk,GL,2022-04-20 18:00:39,64.1835,-51.7216,23.61,58,40,18.01
32,Cherskiy,RU,2022-04-20 18:01:36,68.75,161.3,5.4,92,21,4.43
33,Salalah,OM,2022-04-20 18:01:37,17.0151,54.0924,79.66,75,30,5.39
34,Olafsvik,IS,2022-04-20 18:01:37,64.8945,-23.7142,44.6,88,100,15.64
35,Bengkulu,ID,2022-04-20 18:01:38,-3.8004,102.2655,75.7,92,100,8.14
36,Bandar,ID,2022-04-20 18:01:38,2.05,99.75,73.26,97,83,2.44
37,Kruisfontein,ZA,2022-04-20 18:01:38,-34.0033,24.7314,69.89,42,83,2.53
38,Atuona,PF,2022-04-20 18:01:39,-9.8,-139.0333,79.32,71,66,18.16
39,Castro,BR,2022-04-20 18:01:39,-24.7911,-50.0119,73.74,45,15,4.0
40,Isangel,VU,2022-04-20 18:01:39,-19.55,169.2667,77.13,84,22,5.73
41,Mocuba,MZ,2022-04-20 18:01:40,-16.8392,36.9856,70.0,88,99,3.6
42,Khatanga,RU,2022-04-20 18:01:40,71.9667,102.5,-14.17,100,58,0.58
43,Cape Town,ZA,2022-04-20 18:00:31,-33.9258,18.4232,71.35,58,66,4.0
44,North Platte,US,2022-04-20 18:00:08,41.1239,-100.7654,64.11,39,69,15.99
45,Ponta Do Sol,PT,2022-04-20 18:01:41,32.6667,-17.1,64.13,50,2,5.64
46,Pimentel,PE,2022-04-20 18:01:41,-6.8367,-79.9342,72.39,72,48,9.64
47,Margate,GB,2022-04-20 18:02:42,51.3813,1.3862,55.31,74,12,7.0
48,Okakarara,NA,2022-04-20 18:02:42,-20.5833,17.4333,65.57,36,10,6.08
49,Nelson Bay,AU,2022-04-20 18:02:43,-32.7167,152.15,59.09,82,0,6.71
50,Norman Wells,CA,2022-04-20 18:02:43,65.282,-126.8329,26.73,88,78,1.16
51,Kharp,RU,2022-04-20 18:02:44,66.8014,65.8081,-0.71,90,25,9.62
52,Codrington,AU,2022-04-20 18:02:44,-38.2667,141.9667,56.25,76,63,7.63
53,Biltine,TD,2022-04-20 18:02:44,14.5333,20.9167,97.77,10,81,8.61
54,Bredasdorp,ZA,2022-04-20 18:00:29,-34.5322,20.0403,68.14,49,68,6.24
55,Mahebourg,MU,2022-04-20 18:02:45,-20.4081,57.7,77.25,80,95,6.67
56,Chuy,UY,2022-04-20 18:02:45,-33.6971,-53.4616,76.62,48,2,8.88
57,Fort Nelson,CA,2022-04-20 18:02:46,58.8053,-122.7002,29.28,82,100,3.09
58,Nizhniy Kuranakh,RU,2022-04-20 18:02:46,58.8353,125.4869,17.04,97,100,3.47
59,Busselton,AU,2022-04-20 18:00:35,-33.65,115.3333,54.95,85,0,11.9
60,Qaanaaq,GL,2022-04-20 18:02:46,77.484,-69.3632,-1.03,74,100,9.4
61,Paracatu,BR,2022-04-20 18:02:47,-17.2222,-46.8747,87.03,28,1,4.0
62,Gadsden,US,2022-04-20 17:57:52,34.0143,-86.0066,72.32,34,53,11.7
63,Upernavik,GL,2022-04-20 18:02:47,72.7868,-56.1549,2.61,66,23,5.82
64,East London,ZA,2022-04-20 18:02:48,-33.0153,27.9116,70.57,80,27,13.8
65,Puerto De La Cruz,ES,2022-04-20 18:02:48,28.414,-16.5487,69.76,79,14,5.01
66,Carnarvon,AU,2022-04-20 18:02:48,-24.8667,113.6333,77.4,41,98,11.07
67,Aswan,EG,2022-04-20 18:02:49,24.0934,32.907,78.04,14,0,15.43
68,Namibe,AO,2022-04-20 18:02:49,-15.1961,12.1522,75.74,88,96,8.88
69,Gryazovets,RU,2022-04-20 18:02:50,58.88,40.2525,41.4,80,84,8.9
70,Karimganj,IN,2022-04-20 18:02:50,24.8667,92.35,72.7,86,67,2.59
71,Esperance,AU,2022-04-20 18:02:51,-33.8667,121.9,59.67,78,89,8.37
72,Pangnirtung,CA,2022-04-20 18:02:51,66.1451,-65.7125,18.14,71,100,6.78
73,Numan,NG,2022-04-20 18:02:51,9.4667,12.0333,96.33,24,100,4.54
74,Empangeni,ZA,2022-04-20 18:02:52,-28.762,31.8933,61.99,92,39,4.68
75,Iqaluit,CA,2022-04-20 17:58:55,63.7506,-68.5145,17.33,67,100,3.44
76,Cherdyn,RU,2022-04-20 18:02:52,60.403,56.4787,29.68,89,97,7.7
77,Cidreira,BR,2022-04-20 18:02:53,-30.1811,-50.2056,71.56,65,0,7.52
78,New Norfolk,AU,2022-04-20 18:02:53,-42.7826,147.0587,49.5,65,24,3.0
79,La Palma,US,2022-04-20 18:02:53,33.8464,-118.0467,69.91,68,75,9.22
80,Oussouye,SN,2022-04-20 18:02:54,12.485,-16.5469,83.7,41,52,13.04
81,Nybro,SE,2022-04-20 18:02:54,56.7446,15.9071,45.41,76,49,10.16
82,Belozerskoye,RU,2022-04-20 18:02:55,55.8214,65.5842,37.8,89,94,5.61
83,Hilo,US,2022-04-20 18:00:39,19.7297,-155.09,75.27,83,95,1.01
84,Lavrentiya,RU,2022-04-20 18:02:55,65.5833,-171.0,12.81,84,3,4.27
85,Ribeira Grande,PT,2022-04-20 18:02:55,38.5167,-28.7,63.0,63,75,5.75
86,Birnin Kebbi,NG,2022-04-20 18:02:56,12.4539,4.1975,99.21,20,48,3.91
87,Airai,TL,2022-04-20 18:02:56,-8.9266,125.4092,58.84,86,94,2.01
88,Hithadhoo,MV,2022-04-20 18:02:57,-0.6,73.0833,83.37,68,95,3.02
89,Anadyr,RU,2022-04-20 18:02:57,64.75,177.4833,30.0,86,100,4.0
90,Saint-Joseph,RE,2022-04-20 18:02:57,-21.3667,55.6167,77.38,85,51,3.29
91,Fairbanks,US,2022-04-20 18:02:58,64.8378,-147.7164,37.92,44,20,2.01
92,Lao Cai,VN,2022-04-20 18:02:58,22.4833,103.95,67.87,91,59,0.76
93,Kenai,US,2022-04-20 18:03:12,60.5544,-151.2583,39.09,53,0,8.05
94,Sechura,PE,2022-04-20 18:03:59,-5.5569,-80.8222,73.26,71,96,0.4
95,Puri,IN,2022-04-20 18:03:59,19.8,85.85,82.92,89,31,21.21
96,Ushuaia,AR,2022-04-20 17:59:44,-54.8,-68.3,47.86,61,75,16.11
97,Rosarito,MX,2022-04-20 18:04:00,32.3333,-117.0333,70.63,62,13,10.69
98,Peleduy,RU,2022-04-20 18:04:00,59.6289,112.7406,9.16,100,89,1.88
99,Kapaa,US,2022-04-20 18:04:01,22.0752,-159.319,73.72,81,75,17.27
100,Grindavik,IS,2022-04-20 18:04:01,63.8424,-22.4338,46.87,93,100,4.61
101,Kodiak,US,2022-04-20 18:04:01,57.79,-152.4072,40.51,75,0,4.61
102,Broome,US,2022-04-20 18:04:02,42.2506,-75.833,50.02,50,0,5.99
103,Mount Isa,AU,2022-04-20 18:04:02,-20.7333,139.5,71.37,23,0,13.8
104,Dubti,ET,2022-04-20 18:04:03,11.7361,41.0853,92.86,27,9,11.72
105,Tanabe,JP,2022-04-20 18:04:03,33.7333,135.3667,58.35,70,99,5.77
106,Padron,ES,2022-04-20 18:04:04,42.7388,-8.6606,59.72,44,9,5.82
107,Provideniya,RU,2022-04-20 18:04:04,64.3833,-173.3,21.88,86,38,5.91
108,Nicoya,CR,2022-04-20 18:01:15,10.1483,-85.452,94.53,35,87,6.87
109,Atambua,ID,2022-04-20 18:04:05,-9.1061,124.8925,72.36,86,100,3.91
110,Sao Filipe,CV,2022-04-20 18:04:05,14.8961,-24.4956,74.34,75,74,8.95
111,Sangar,RU,2022-04-20 18:04:06,63.9242,127.4739,14.83,98,100,1.07
112,Jaru,BR,2022-04-20 18:04:06,-10.4389,-62.4664,83.98,75,99,2.19
113,Te Anau,NZ,2022-04-20 18:04:07,-45.4167,167.7167,59.07,96,99,2.13
114,Gorontalo,ID,2022-04-20 18:04:08,0.5412,123.0595,74.98,94,90,2.64
115,Kuito,AO,2022-04-20 18:04:08,-12.3833,16.9333,61.48,84,99,2.26
116,Ahipara,NZ,2022-04-20 18:04:08,-35.1667,173.1667,66.81,90,85,8.19
117,Cootamundra,AU,2022-04-20 18:04:09,-34.65,148.0333,52.95,90,86,3.06
118,Saint-Georges,GD,2022-04-20 18:04:09,12.0564,-61.7485,81.05,69,82,16.84
119,Chino Valley,US,2022-04-20 18:04:10,34.7575,-112.4538,74.1,19,0,8.05
120,Mutsu,JP,2022-04-20 18:04:10,41.2894,141.2169,46.9,62,2,4.59
121,Lebu,CL,2022-04-20 18:04:11,-37.6167,-73.65,56.43,62,7,8.75
122,Virginia Beach,US,2022-04-20 18:03:53,36.8529,-75.978,61.05,40,5,4.0
123,Carballo,ES,2022-04-20 18:04:11,43.213,-8.691,56.75,71,8,6.04
124,Maun,BW,2022-04-20 18:04:12,-19.9833,23.4167,70.75,37,44,9.62
125,Marzuq,YE,2022-04-20 18:04:13,14.4,46.4667,71.53,51,4,7.49
126,Gangtok,IN,2022-04-20 18:04:13,27.3333,88.6167,57.94,83,94,1.34
127,Altay,CN,2022-04-20 18:04:14,47.8667,88.1167,40.98,54,51,4.5
128,Magalia,US,2022-04-20 18:04:14,39.8121,-121.5783,55.15,72,25,4.0
129,Chokurdakh,RU,2022-04-20 18:04:15,70.6333,147.9167,2.23,99,97,4.47
130,Beringovskiy,RU,2022-04-20 18:04:16,63.05,179.3167,18.12,100,86,3.6
131,Port Elizabeth,ZA,2022-04-20 18:03:19,-33.918,25.5701,72.1,77,59,3.0
132,Saskylakh,RU,2022-04-20 18:04:17,71.9167,114.0833,-2.16,100,99,4.59
133,Torbay,CA,2022-04-20 18:04:17,47.6666,-52.7314,47.28,86,98,5.01
134,Ewa Beach,US,2022-04-20 18:04:18,21.3156,-158.0072,76.08,70,40,11.5
135,Batemans Bay,AU,2022-04-20 18:00:14,-35.7167,150.1833,56.1,77,91,4.07
136,Arraial Do Cabo,BR,2022-04-20 18:00:31,-22.9661,-42.0278,74.84,76,0,11.7
137,Komsomolskiy,UZ,2022-04-20 18:00:40,40.4272,71.7189,63.32,67,100,4.61
138,Mbeya,TZ,2022-04-20 18:04:18,-8.9,33.45,59.47,93,65,4.88
139,Galesong,ID,2022-04-20 18:04:19,-5.3166,119.3661,73.42,83,88,5.7
140,Torbat-E Jam,IR,2022-04-20 18:04:20,35.244,60.6225,66.33,41,4,1.92
141,Avarua,CK,2022-04-20 18:01:17,-21.2078,-159.775,77.05,65,75,29.62
142,Georgetown,MY,2022-04-20 18:05:20,5.4112,100.3354,80.53,89,20,2.3
143,Tateyama,JP,2022-04-20 18:05:20,34.9833,139.8667,57.13,82,40,6.91
144,Muravlenko,RU,2022-04-20 18:05:21,63.7898,74.523,8.47,93,68,15.59
145,Xinzhou,CN,2022-04-20 18:05:22,38.4092,112.7333,61.74,31,50,11.9
146,Zhanaozen,KZ,2022-04-20 18:05:22,43.3,52.8,70.86,26,13,11.18
147,Kidal,ML,2022-04-20 18:05:23,18.4411,1.4078,94.82,7,6,10.13
148,Mahibadhoo,MV,2022-04-20 18:05:23,3.7833,72.9667,84.02,72,59,4.94
149,Bethel,US,2022-04-20 18:05:24,41.3712,-73.414,56.62,41,0,12.66
150,Brae,GB,2022-04-20 18:01:49,60.3964,-1.353,47.89,75,53,10.94
151,Talnakh,RU,2022-04-20 18:05:24,69.4865,88.3972,-2.29,91,32,4.14
152,Kamina,CD,2022-04-20 18:05:25,-8.7386,24.9906,67.15,91,100,2.57
153,Kirakira,SB,2022-04-20 18:01:52,-10.4544,161.9205,78.87,86,97,5.99
154,Yellowknife,CA,2022-04-20 18:01:27,62.456,-114.3525,28.56,30,30,4.0
155,Caxito,AO,2022-04-20 18:05:26,-8.5785,13.6643,74.66,95,100,2.62
156,Malakal,SS,2022-04-20 18:05:27,9.5334,31.6605,91.33,37,99,3.04
157,Hongjiang,CN,2022-04-20 18:05:27,27.11,109.9956,59.02,91,0,4.0
158,Kavaratti,IN,2022-04-20 18:04:13,10.5669,72.642,84.65,70,8,12.1
159,Fuyu,CN,2022-04-20 18:05:28,45.1833,124.8167,62.56,34,100,20.92
160,Fortuna,US,2022-04-20 18:05:28,40.5982,-124.1573,53.94,92,75,24.16
161,Kaitangata,NZ,2022-04-20 18:02:28,-46.2817,169.8464,56.93,96,98,5.88
162,Adamas,GR,2022-04-20 18:05:28,36.7333,24.4333,58.77,73,0,21.79
163,Warrnambool,AU,2022-04-20 18:05:29,-38.3833,142.4833,52.81,78,83,7.96
164,Kalmunai,LK,2022-04-20 18:05:29,7.4167,81.8167,81.95,80,49,6.2
165,Quatre Cocos,MU,2022-04-20 18:05:30,-20.2078,57.7625,77.09,80,85,6.15
166,Buala,SB,2022-04-20 18:05:30,-8.145,159.5921,79.68,84,63,5.55
167,Rocha,UY,2022-04-20 18:05:31,-34.4833,-54.3333,80.28,38,3,8.9
168,Westport,US,2022-04-20 18:05:31,41.1415,-73.3579,58.24,36,0,12.66
169,Victoria,HK,2022-04-20 18:04:51,22.2855,114.1577,73.18,84,51,4.0
170,Nyurba,RU,2022-04-20 18:05:32,63.2842,118.3319,19.47,94,99,6.93
171,Hami,CN,2022-04-20 18:05:32,42.8,93.45,62.08,12,92,16.69
172,Grand Bank,CA,2022-04-20 18:05:32,47.0999,-55.765,43.99,92,100,33.11
173,Bereda,ES,2022-04-20 18:05:33,43.2686,-7.5406,52.41,65,14,5.5
174,Longyearbyen,SJ,2022-04-20 18:05:33,78.2186,15.6401,28.24,74,75,19.57
175,Ca Mau,VN,2022-04-20 18:05:34,9.1769,105.15,79.66,83,99,6.38
176,Abeche,TD,2022-04-20 18:05:34,13.8292,20.8324,95.76,14,96,2.06
177,Port Alfred,ZA,2022-04-20 18:03:23,-33.5906,26.891,66.18,91,13,13.38
178,Mar Del Plata,AR,2022-04-20 18:05:07,-38.0023,-57.5575,70.45,65,100,10.07
179,Husavik,IS,2022-04-20 18:05:34,66.0449,-17.3389,45.14,79,97,12.55
180,Tuy Hoa,VN,2022-04-20 18:05:35,13.0833,109.3,74.57,93,50,4.36
181,Waddan,LY,2022-04-20 18:05:36,29.1614,16.139,79.0,11,14,11.52
182,Zambezi,ZM,2022-04-20 18:05:36,-13.5432,23.1047,70.0,76,99,4.63
183,Lagoa,PT,2022-04-20 18:05:36,39.05,-27.9833,58.59,61,87,3.91
184,Pevek,RU,2022-04-20 18:05:37,69.7008,170.3133,12.81,87,99,2.71
185,Kemijarvi,FI,2022-04-20 18:05:37,66.7131,27.4306,45.7,89,95,4.68
186,Znamenskoye,RU,2022-04-20 18:06:38,57.1281,73.8282,39.33,86,94,5.19
187,Namatanai,PG,2022-04-20 18:06:38,-3.6667,152.4333,79.41,82,79,8.03
188,Korla,CN,2022-04-20 18:06:39,41.7597,86.1469,67.68,13,100,12.1
189,Miri,MY,2022-04-20 18:06:39,4.4148,114.0089,77.65,92,100,3.13
190,Czluchow,PL,2022-04-20 18:06:40,53.6672,17.3588,47.43,85,100,9.98
191,Aztec,US,2022-04-20 18:06:21,36.8222,-107.9929,71.01,12,7,3.0
192,Saldanha,ZA,2022-04-20 18:06:40,-33.0117,17.9442,60.48,86,36,8.66
193,Tasiilaq,GL,2022-04-20 18:06:40,65.6145,-37.6368,41.16,91,92,6.67
194,Varnavino,RU,2022-04-20 18:06:41,57.4035,45.0916,37.65,83,65,9.69
195,Jamestown,US,2022-04-20 18:01:49,42.097,-79.2353,48.52,45,0,9.22
196,Mandera,KE,2022-04-20 18:06:41,3.9366,41.867,86.32,54,62,9.37
197,Clyde River,CA,2022-04-20 18:06:41,70.4692,-68.5914,-0.51,89,84,7.52
198,Goderich,CA,2022-04-20 18:06:42,43.7501,-81.7165,42.91,64,46,5.86
199,Saint-Philippe,RE,2022-04-20 18:06:42,-21.3585,55.7679,78.39,85,53,3.87
200,Bluff,NZ,2022-04-20 18:06:43,-46.6,168.3333,56.8,97,99,3.0
201,Vieques,PR,2022-04-20 18:06:43,18.425,-65.8329,87.67,58,40,19.57
202,San Carlos De Bariloche,AR,2022-04-20 18:06:44,-41.1456,-71.3082,49.75,46,20,29.93
203,Haines Junction,CA,2022-04-20 18:06:44,60.7522,-137.5108,28.09,73,65,2.3
204,Bela,IN,2022-04-20 18:06:44,25.9333,81.9833,91.54,13,5,6.51
205,Ouargaye,BF,2022-04-20 18:06:45,11.5033,0.0572,98.91,24,100,3.27
206,Tulum,MX,2022-04-20 18:06:45,20.2167,-87.4667,85.19,54,3,9.91
207,Alice Springs,AU,2022-04-20 18:06:46,-23.7,133.8833,49.55,57,26,4.61
208,Wau,SS,2022-04-20 18:06:47,7.7029,27.9953,88.79,39,100,4.68
209,La Ronge,CA,2022-04-20 18:06:47,55.1001,-105.2842,33.01,73,99,10.78
210,Aklavik,CA,2022-04-20 18:06:47,68.2191,-135.0107,12.63,91,25,5.37
211,Dunedin,NZ,2022-04-20 18:06:48,-45.8742,170.5036,62.8,87,93,3.0
212,Luderitz,NA,2022-04-20 18:06:48,-26.6481,15.1594,70.75,46,11,5.46
213,Guatire,VE,2022-04-20 18:06:49,10.4762,-66.5427,83.19,67,95,5.12
214,Hervey Bay,AU,2022-04-20 18:06:49,-25.2986,152.8535,70.02,93,17,8.01
215,Klaksvik,FO,2022-04-20 18:06:50,62.2266,-6.589,47.32,93,26,18.7
216,Barrow,US,2022-04-20 18:01:53,71.2906,-156.7887,-0.38,78,0,12.66
217,Sherghati,IN,2022-04-20 18:06:50,24.5667,84.7833,85.62,39,0,9.73
218,Rockland,US,2022-04-20 18:06:51,41.1668,-74.0496,57.33,35,13,4.0
219,Pishin,PK,2022-04-20 18:06:51,30.5803,66.9961,63.52,19,0,3.18
220,Itarema,BR,2022-04-20 18:06:51,-2.9248,-39.9167,82.71,79,68,12.59
221,Batagay-Alyta,RU,2022-04-20 18:06:52,67.8006,130.4114,16.23,96,100,4.5
222,Koshurnikovo,RU,2022-04-20 18:06:52,54.1667,93.3,28.53,89,98,2.26
223,Hualmay,PE,2022-04-20 18:06:53,-11.0964,-77.6139,72.61,72,70,10.27
224,Dover,US,2022-04-20 18:02:10,39.1582,-75.5244,57.2,40,0,1.99
225,Trelew,AR,2022-04-20 18:06:53,-43.249,-65.3051,64.17,22,100,16.37
226,Barabinsk,RU,2022-04-20 18:06:54,55.3571,78.357,40.91,86,96,4.99
227,Envira,BR,2022-04-20 18:06:54,-7.3,-70.2167,79.25,89,89,2.53
228,Qianguo,CN,2022-04-20 18:06:55,45.1171,124.8568,62.51,34,100,20.29
229,Maceio,BR,2022-04-20 18:07:55,-9.6658,-35.7353,85.44,58,20,10.36
230,Huilong,CN,2022-04-20 18:07:55,31.8111,121.655,56.88,83,100,16.2
231,Saraland,US,2022-04-20 18:07:56,30.8207,-88.0706,75.56,53,82,10.56
232,Seoul,KR,2022-04-20 18:06:06,37.5683,126.9778,47.64,50,61,2.8
233,Den Helder,NL,2022-04-20 18:07:56,52.9599,4.7593,57.02,69,0,21.0
234,Grand Gaube,MU,2022-04-20 18:07:56,-20.0064,57.6608,77.38,87,77,3.0
235,Bartlesville,US,2022-04-20 18:07:57,36.7473,-95.9808,59.38,75,100,16.11
236,Tandalti,SD,2022-04-20 18:07:57,13.0167,31.8667,92.26,10,39,6.93
237,Ardakan,IR,2022-04-20 18:07:58,32.31,54.0175,78.01,11,98,3.49
238,Bjornevatn,NO,2022-04-20 18:07:58,69.6672,29.9847,43.14,65,0,0.0
239,Biak,ID,2022-04-20 18:07:59,-0.9131,122.8766,75.96,85,100,0.63
240,Westerland,DE,2022-04-20 18:07:59,54.9079,8.3033,56.01,62,0,9.22
241,Ajdabiya,LY,2022-04-20 18:07:59,30.7554,20.2263,67.37,39,4,6.76
242,Port Blair,IN,2022-04-20 18:08:00,11.6667,92.75,83.43,73,45,9.01
243,Shumikha,RU,2022-04-20 18:08:00,55.2261,63.2961,38.8,85,100,8.01
244,Leningradskiy,RU,2022-04-20 18:08:01,69.3833,178.4167,11.23,93,94,3.51
245,Saint Anthony,US,2022-04-20 18:08:01,45.0205,-93.218,46.26,84,100,17.27
246,Lakatoro,VU,2022-04-20 18:08:01,-16.0999,167.4164,79.57,83,8,6.6
247,Santiago Del Estero,AR,2022-04-20 18:08:02,-27.7951,-64.2615,85.71,38,19,9.98
248,Hay River,CA,2022-04-20 18:04:11,60.8156,-115.7999,27.95,73,16,3.36
249,Kahului,US,2022-04-20 18:08:02,20.8947,-156.47,77.85,71,40,14.97
250,Faya,SA,2022-04-20 18:08:03,18.3851,42.4509,66.72,52,87,5.03
251,Borogontsy,RU,2022-04-20 18:08:04,62.6683,131.1683,15.53,97,96,1.48
252,Kushima,JP,2022-04-20 18:08:04,31.4583,131.2333,60.84,78,100,3.6
253,Opuwo,NA,2022-04-20 18:08:05,-18.0607,13.84,72.25,28,97,8.16
254,Bud,US,2022-04-20 18:08:06,39.447,-86.1758,62.67,47,98,14.38
255,Semnan,IR,2022-04-20 18:08:06,35.5729,53.3971,72.7,25,63,1.83
256,Upington,ZA,2022-04-20 18:08:07,-28.4478,21.2561,73.31,27,5,10.09
257,Porto Nacional,BR,2022-04-20 18:04:23,-10.7081,-48.4172,87.8,68,10,6.31
258,Sorland,NO,2022-04-20 18:08:08,67.667,12.6934,44.46,92,6,5.91
259,Osakarovka,KZ,2022-04-20 18:08:09,50.565,72.5692,51.8,74,95,9.37
260,Kasane,BW,2022-04-20 18:08:09,-17.8167,25.15,67.14,60,83,8.12
261,Muromtsevo,RU,2022-04-20 18:08:09,56.3724,75.2418,38.07,85,94,5.01
262,Mazagao,BR,2022-04-20 18:08:10,-0.115,-51.2894,78.85,73,94,4.23
263,Sobolevo,RU,2022-04-20 18:08:10,54.4299,31.8996,46.11,81,100,14.76
264,Omboue,GA,2022-04-20 18:08:10,-1.5746,9.2618,78.96,86,92,6.73
265,Arcos De La Frontera,ES,2022-04-20 18:08:11,36.7508,-5.8106,65.07,43,76,5.99
266,Saryagash,KZ,2022-04-20 18:08:12,41.4511,69.1701,58.23,86,87,3.51
267,Buchach,UA,2022-04-20 18:08:13,49.0625,25.388,43.57,63,100,7.02
268,Abalak,RU,2022-04-20 18:08:13,58.1286,68.5944,39.67,88,100,4.27
269,Kiruna,SE,2022-04-20 18:08:14,67.8557,20.2251,45.52,57,100,3.44
270,Nhulunbuy,AU,2022-04-20 18:08:14,-12.2333,136.7667,77.61,94,90,0.0
271,Bambous Virieux,MU,2022-04-20 18:08:15,-20.3428,57.7575,77.22,80,92,6.29
272,Fare,PF,2022-04-20 18:08:15,-16.7,-151.0167,80.11,71,5,3.49
273,Radomsko,PL,2022-04-20 18:08:15,51.0671,19.4448,38.91,97,100,7.99
274,Nargana,PA,2022-04-20 18:08:16,9.4428,-78.5906,82.09,73,85,8.86
275,Praia Da Vitoria,PT,2022-04-20 18:04:22,38.7333,-27.0667,63.75,71,97,3.94
276,Desbiens,CA,2022-04-20 18:09:17,48.4178,-71.9495,36.36,78,97,19.15
277,Vardo,NO,2022-04-20 18:09:17,70.3705,31.1107,39.18,93,0,6.91
278,Guayaramerin,BO,2022-04-20 18:09:18,-10.8368,-65.3614,79.39,86,95,3.6
279,Panarukan,ID,2022-04-20 18:09:18,-7.7018,113.9184,76.66,84,95,2.71
280,Griffith,US,2022-04-20 18:09:19,41.5284,-87.4237,49.1,70,100,20.71
281,Olinda,BR,2022-04-20 18:09:19,-8.0089,-34.8553,80.33,89,75,14.97
282,Kanniyakumari,IN,2022-04-20 18:09:20,8.0833,77.5667,83.39,82,62,10.2
283,Impfondo,CG,2022-04-20 18:09:20,1.6381,18.0667,72.14,97,100,2.77
284,Taoudenni,ML,2022-04-20 18:09:21,22.6783,-3.9836,99.48,7,6,16.91
285,Sorong,ID,2022-04-20 18:09:21,-0.8833,131.25,80.89,81,100,1.77
286,Mayo,US,2022-04-20 18:09:22,38.8876,-76.5119,61.95,39,0,8.01
287,El Vigia,VE,2022-04-20 18:09:22,8.6219,-71.6506,86.34,65,94,3.51
288,Sonqor,IR,2022-04-20 18:09:23,34.7837,47.6004,59.02,31,94,3.18
289,Moerai,PF,2022-04-20 18:09:23,-22.4333,-151.3333,76.42,65,100,27.2
290,Kargopol,RU,2022-04-20 18:09:24,61.5071,38.9456,35.35,91,99,5.82
291,Nahan,IN,2022-04-20 18:09:24,30.55,77.3,81.37,21,91,6.55
292,Abha,SA,2022-04-20 18:09:25,18.2164,42.5053,66.45,73,0,6.91
293,Souillac,MU,2022-04-20 18:09:25,-20.5167,57.5167,77.95,84,87,6.51
294,Huainan,CN,2022-04-20 18:09:25,32.6264,116.9969,56.32,78,36,3.29
295,Pocatello,US,2022-04-20 18:05:03,42.8713,-112.4455,51.71,38,40,17.27
296,Maniitsoq,GL,2022-04-20 18:09:26,65.4167,-52.9,20.17,53,21,4.47
297,Puerto Escondido,MX,2022-04-20 18:06:40,15.85,-97.0667,85.03,74,0,12.66
298,Naze,JP,2022-04-20 18:09:26,28.3667,129.4833,66.22,74,100,5.95
299,Beloha,MG,2022-04-20 18:09:27,-25.1667,45.05,72.72,86,59,15.35
300,Severo-Kurilsk,RU,2022-04-20 18:09:27,50.6789,156.125,31.66,86,72,4.09
301,Cadillac,US,2022-04-20 18:09:07,44.2519,-85.4012,52.09,40,75,13.8
302,Bandipur,NP,2022-04-20 18:09:27,27.9333,84.4167,65.17,72,18,1.72
303,Pandan,PH,2022-04-20 18:09:28,14.0453,124.1694,78.96,88,17,5.57
304,Pangoa,PE,2022-04-20 18:09:28,-12.1167,-73.0,86.77,46,41,4.72
305,Kristiansund,NO,2022-04-20 18:09:29,63.1115,7.732,54.25,54,0,2.3
306,Bonavista,CA,2022-04-20 18:09:29,48.6499,-53.1147,38.95,85,98,30.04
307,Dwarka,IN,2022-04-20 18:09:29,22.2394,68.9678,80.49,84,4,11.7
308,Cerkezkoy,TR,2022-04-20 18:09:30,41.285,28.0003,48.38,81,40,6.91
309,Bestobe,KZ,2022-04-20 18:09:30,52.4994,73.0975,53.6,65,78,12.03
310,Paamiut,GL,2022-04-20 18:09:31,61.994,-49.6678,26.1,48,84,4.5
311,Bambanglipuro,ID,2022-04-20 18:09:32,-7.95,110.2833,75.74,90,92,4.21
312,Padang,ID,2022-04-20 18:09:32,-0.9492,100.3543,77.13,88,100,5.39
313,Lamar,US,2022-04-20 18:09:32,33.6668,-95.5836,70.99,94,100,17.27
314,Sao Jose Da Coroa Grande,BR,2022-04-20 18:09:33,-8.8978,-35.1478,82.42,69,77,9.95
315,Ancud,CL,2022-04-20 18:09:33,-41.8697,-73.8203,52.23,69,82,11.56
316,Elko,US,2022-04-20 18:09:34,41.0002,-115.5012,54.05,36,12,3.0
317,Kalmar,SE,2022-04-20 18:09:34,56.6616,16.3616,46.33,77,55,11.99
318,Pedernales,DO,2022-04-20 18:09:34,18.0384,-71.744,81.18,71,100,0.92
319,Hasaki,JP,2022-04-20 18:09:35,35.7333,140.8333,55.8,84,24,5.06
320,Tiksi,RU,2022-04-20 18:09:35,71.6872,128.8694,8.65,98,100,4.59
321,Honiara,SB,2022-04-20 18:10:36,-9.4333,159.95,77.36,87,98,4.41
322,Yarensk,RU,2022-04-20 18:10:36,62.1675,49.0916,27.72,91,73,5.08
323,Zhumadian,CN,2022-04-20 18:10:37,32.9794,114.0294,54.59,95,2,6.73
324,Jan Kempdorp,ZA,2022-04-20 18:10:37,-27.9225,24.8305,64.38,44,6,7.45
325,San Patricio,US,2022-04-20 18:10:37,28.017,-97.5169,82.27,57,83,23.53
326,Castrovillari,IT,2022-04-20 18:10:38,39.8203,16.2123,52.29,61,71,2.84
327,Regen,DE,2022-04-20 18:10:38,48.9667,13.1333,48.51,54,82,4.74
328,Mehamn,NO,2022-04-20 18:10:39,71.0357,27.8492,40.91,94,44,7.29
329,Samarai,PG,2022-04-20 18:10:39,-10.6167,150.6667,81.82,79,86,12.73
330,Road Town,VG,2022-04-20 18:10:40,18.4167,-64.6167,82.49,65,40,12.66
331,Roebourne,AU,2022-04-20 18:10:40,-20.7833,117.1333,84.49,39,66,8.28
332,Scottsbluff,US,2022-04-20 18:09:18,41.8666,-103.6672,62.83,22,0,18.41
333,Bathsheba,BB,2022-04-20 18:10:40,13.2167,-59.5167,84.81,58,40,21.85
334,Kununurra,AU,2022-04-20 18:10:41,-15.7667,128.7333,75.18,78,100,0.0
335,Kavieng,PG,2022-04-20 18:10:41,-2.5744,150.7967,82.35,76,68,14.03
336,Waipawa,NZ,2022-04-20 18:10:41,-41.4122,175.5153,58.82,85,100,6.76
337,Camargo,MX,2022-04-20 18:10:42,27.6667,-105.1667,86.31,10,98,2.66
338,Plaeng Yao,TH,2022-04-20 18:10:42,13.5847,101.284,83.25,99,50,5.55
339,Tsaratanana,MG,2022-04-20 18:10:43,-16.7833,47.65,75.94,77,16,9.19
340,Lazaro Cardenas,MX,2022-04-20 18:09:22,17.9583,-102.2,86.09,42,0,10.07
341,Salym,RU,2022-04-20 18:10:43,60.0625,71.4789,33.39,98,100,6.38
342,Haradok,BY,2022-04-20 18:10:44,55.4624,29.9816,50.49,57,88,15.5
343,Hobyo,SO,2022-04-20 18:10:44,5.3505,48.5268,83.35,65,80,12.57
344,Hingorja,PK,2022-04-20 18:10:44,27.2109,68.416,89.38,21,79,9.1
345,Montreux,CH,2022-04-20 18:10:45,46.433,6.9114,61.2,62,100,2.66
346,Nishihara,JP,2022-04-20 18:10:45,26.1842,127.7558,71.26,88,20,9.22
347,Warwick,US,2022-04-20 18:10:46,41.7001,-71.4162,57.4,38,20,13.8
348,Sawai Madhopur,IN,2022-04-20 18:10:46,25.9833,76.3667,89.51,14,36,7.18
349,Kaifeng,CN,2022-04-20 18:10:46,34.7911,114.3483,57.6,80,28,14.67
350,Vila Do Maio,CV,2022-04-20 18:10:47,15.1333,-23.2167,79.59,80,87,12.12
351,Godean,ID,2022-04-20 18:10:47,-7.7697,110.2939,73.94,92,83,2.84
352,Limon,CR,2022-04-20 18:10:48,10.0,-83.0333,85.89,66,0,9.22
353,San Estanislao,CO,2022-04-20 18:10:48,10.3983,-75.1511,85.89,81,100,8.95
354,Lorengau,PG,2022-04-20 18:10:48,-2.0226,147.2712,82.06,74,42,10.4
355,Baghmara,IN,2022-04-20 18:10:49,23.795,86.2085,80.19,76,11,12.59
356,Katsuura,JP,2022-04-20 18:10:49,35.1333,140.3,57.22,88,41,5.84
357,Kumano,JP,2022-04-20 18:10:50,34.3442,132.5894,57.94,62,99,4.14
358,Sortland,NO,2022-04-20 18:10:50,68.6949,15.4162,44.56,81,18,6.24
359,Abu Dhabi,AE,2022-04-20 18:10:51,24.4667,54.3667,77.11,77,0,4.61
360,Emerald,AU,2022-04-20 18:10:51,-23.5333,148.1667,69.35,58,22,10.36
361,Nome,US,2022-04-20 18:10:51,64.5011,-165.4064,28.47,74,0,0.0
362,Hambantota,LK,2022-04-20 18:06:12,6.1241,81.1185,80.76,82,81,2.84
363,Bilibino,RU,2022-04-20 18:10:29,68.0546,166.4372,5.18,96,91,3.67
364,Grand Baie,MU,2022-04-20 18:10:52,-20.0182,57.5802,77.45,87,81,1.01
365,Sosnovo-Ozerskoye,RU,2022-04-20 18:10:53,52.5249,111.5418,23.94,69,36,8.37
366,Yar-Sale,RU,2022-04-20 18:10:53,66.8333,70.8333,6.15,87,100,23.62
367,Carutapera,BR,2022-04-20 18:06:18,-1.195,-46.02,84.67,70,96,6.71
368,Ust-Omchug,RU,2022-04-20 18:10:54,61.15,149.6333,-4.7,100,86,3.51
369,Bonthe,SL,2022-04-20 18:11:54,7.5264,-12.505,83.71,71,76,12.19
370,Gashua,NG,2022-04-20 18:11:55,12.871,11.0482,90.25,16,67,5.66
371,Cabo San Lucas,MX,2022-04-20 18:10:10,22.8909,-109.9124,77.05,69,0,5.01
372,Rio Grande,BR,2022-04-20 18:11:55,-32.035,-52.0986,80.71,62,0,9.75
373,Naryan-Mar,RU,2022-04-20 18:11:55,67.6713,53.087,12.61,93,94,8.39
374,Mwense,ZM,2022-04-20 18:11:56,-10.3845,28.698,66.99,93,75,4.5
375,Mecca,SA,2022-04-20 18:11:56,21.4267,39.8261,86.23,43,1,7.61
376,Itatskiy,RU,2022-04-20 18:11:57,56.07,89.0369,36.25,77,94,6.13
377,Bokoro,TD,2022-04-20 18:11:57,12.3807,17.0568,96.98,17,100,4.14
378,Vestmannaeyjar,IS,2022-04-20 18:11:57,63.4427,-20.2734,45.59,93,75,13.8
379,Bail Hongal,IN,2022-04-20 18:11:58,15.8167,74.8667,88.12,39,97,4.94
380,Port Lincoln,AU,2022-04-20 18:11:59,-34.7333,135.8667,60.1,66,72,5.99
381,Imbituba,BR,2022-04-20 18:11:59,-28.24,-48.6703,71.83,68,0,6.08
382,Saint-Francois,FR,2022-04-20 18:11:59,46.4154,3.9054,62.04,59,0,4.61
383,Novodugino,RU,2022-04-20 18:12:00,55.6305,34.2842,47.86,64,95,17.92
384,Coquimbo,CL,2022-04-20 18:12:00,-29.9533,-71.3436,64.13,72,40,11.5
385,Nantucket,US,2022-04-20 18:12:01,41.2835,-70.0995,57.25,44,0,20.71
386,Portland,US,2022-04-20 18:11:23,45.5234,-122.6762,48.78,86,100,14.97
387,Novyy Urengoy,RU,2022-04-20 18:12:01,66.0833,76.6333,5.7,90,100,23.67
388,Lexington,US,2022-04-20 18:10:31,37.9887,-84.4777,66.72,37,0,6.91
389,Narsaq,GL,2022-04-20 18:09:08,60.9167,-46.05,37.62,41,61,1.68
390,Cayambe,EC,2022-04-20 18:12:02,0.05,-78.1333,54.66,77,95,5.59
391,Mabaruma,GY,2022-04-20 18:12:03,8.2,-59.7833,86.5,56,98,7.81
392,Lanzhou,CN,2022-04-20 18:12:04,36.0564,103.7922,58.1,14,55,4.34
393,Soyo,AO,2022-04-20 18:12:05,-6.1349,12.3689,77.52,90,100,7.78
394,Deputatskiy,RU,2022-04-20 18:12:05,69.3,139.9,7.7,88,90,2.66
395,Nushki,PK,2022-04-20 18:12:06,29.5542,66.0215,74.71,13,0,9.06
396,Guerrero Negro,MX,2022-04-20 18:09:00,27.9769,-114.0611,67.53,61,100,18.48
397,Vila,PT,2022-04-20 18:12:08,42.0304,-8.1588,49.08,47,42,9.17
398,Caparrapi,CO,2022-04-20 18:08:17,5.3464,-74.4915,78.91,59,91,3.96
399,Rani,IN,2022-04-20 18:12:09,25.3503,73.3089,86.09,27,90,10.76
400,Laguna,US,2022-04-20 18:12:09,38.421,-121.4238,65.05,60,20,9.22
401,Cantaura,VE,2022-04-20 18:12:10,9.3057,-64.3584,91.33,37,67,5.48
402,Khash,IR,2022-04-20 18:12:10,28.2211,61.2158,69.44,15,0,5.06
403,La Cruz,MX,2022-04-20 18:12:11,23.9167,-106.9,81.41,52,34,9.71
404,Le Havre,FR,2022-04-20 18:12:12,49.4938,0.1077,62.35,63,100,9.22
405,Jackson,US,2022-04-20 18:11:36,42.4165,-122.8345,53.46,74,100,11.99
406,Saint George,US,2022-04-20 18:12:12,37.1041,-113.5841,73.8,21,0,0.0
407,Zhenlai,CN,2022-04-20 18:12:13,45.8495,123.2973,51.87,56,98,13.09
408,Pueblo Nuevo,MX,2022-04-20 18:12:14,23.3833,-105.3833,77.43,14,5,7.87
409,Mitsamiouli,KM,2022-04-20 18:12:15,-11.3847,43.2844,82.6,77,88,7.92
410,Byumba,RW,2022-04-20 18:12:15,-1.5763,30.0675,55.6,97,100,3.56
411,Hovd,MN,2022-04-20 18:10:47,48.0056,91.6419,38.82,49,40,2.46
412,Kathmandu,NP,2022-04-20 18:08:24,27.7167,85.3167,64.62,94,75,4.61
413,Pisco,PE,2022-04-20 18:12:16,-13.7,-76.2167,75.25,64,0,18.41
414,Strezhevoy,RU,2022-04-20 18:11:41,60.7333,77.5889,32.95,98,100,6.64
415,Thurso,GB,2022-04-20 18:08:54,58.5927,-3.5259,44.85,84,2,17.69
416,Lompoc,US,2022-04-20 18:13:17,34.6391,-120.4579,68.68,66,0,12.66
417,Tilichiki,RU,2022-04-20 18:13:18,60.4667,166.1,2.12,99,83,7.81
418,Rodez,FR,2022-04-20 18:13:19,44.5,2.5833,52.11,100,75,3.44
419,Mount Gambier,AU,2022-04-20 18:13:19,-37.8333,140.7667,51.37,85,39,3.11
420,Havre-Saint-Pierre,CA,2022-04-20 18:13:20,50.2334,-63.5986,41.36,75,100,9.22
421,Raudeberg,NO,2022-04-20 18:10:32,61.9875,5.1352,48.96,81,15,8.75
422,Caravelas,BR,2022-04-20 18:09:09,-17.7125,-39.2481,81.43,53,2,8.61
423,Svetlaya,RU,2022-04-20 18:12:08,46.5389,138.3297,45.52,76,85,13.96
424,Palmas,BR,2022-04-20 18:13:21,-10.2128,-48.3603,87.67,62,40,1.14
425,Kushiro,JP,2022-04-20 18:13:21,42.975,144.3747,39.38,92,12,11.34
426,Edson,CA,2022-04-20 18:13:22,53.5835,-116.4356,28.54,100,100,4.61
427,Atar,MR,2022-04-20 18:13:22,20.5169,-13.0499,95.83,13,85,14.99
428,Santa Rosa,PH,2022-04-20 18:13:23,14.3122,121.1114,81.09,76,4,4.99
429,Miles City,US,2022-04-20 18:13:10,46.4083,-105.8406,52.77,35,75,16.11
430,Santa Marta,CO,2022-04-20 18:10:26,11.2408,-74.199,81.34,75,69,9.98
431,Sydney Mines,CA,2022-04-20 18:13:24,46.2367,-60.2177,53.6,71,75,17.27
432,Forio,IT,2022-04-20 18:13:24,40.7342,13.8646,63.91,71,100,9.35
433,Natal,BR,2022-04-20 18:11:07,-5.795,-35.2094,86.65,66,40,11.5
434,Muisne,EC,2022-04-20 18:13:25,0.6,-80.0333,79.12,85,98,11.25
435,Richards Bay,ZA,2022-04-20 18:13:25,-28.783,32.0377,65.28,86,39,6.62
436,Sokoni,TZ,2022-04-20 18:13:26,-6.4333,39.55,80.04,79,100,7.9
437,Sisimiut,GL,2022-04-20 18:13:26,66.9395,-53.6735,18.21,50,6,8.14
438,Piquete,BR,2022-04-20 18:13:27,-22.6136,-45.1761,75.72,65,19,2.62
439,Hede,CN,2022-04-20 18:13:27,33.7681,120.2517,59.07,88,100,8.99
440,Disna,BY,2022-04-20 18:13:28,55.568,28.1971,52.72,55,88,13.82
441,Tampilisan,PH,2022-04-20 18:13:29,8.0167,122.6833,75.04,93,60,1.54
442,Boden,SE,2022-04-20 18:13:29,65.8252,21.6886,37.4,100,89,2.86
443,Along,IN,2022-04-20 18:13:30,28.1667,94.7667,67.39,91,95,2.19
444,Zhuanghe,CN,2022-04-20 18:13:30,39.7008,122.9911,48.47,90,0,6.26
445,Kutum,SD,2022-04-20 18:13:30,14.2,24.6667,83.75,14,74,7.11
446,Los Llanos De Aridane,ES,2022-04-20 18:13:31,28.6585,-17.9182,64.15,72,75,17.27
447,Kangaatsiaq,GL,2022-04-20 18:13:31,68.3065,-53.4641,8.13,73,13,11.79
448,Gympie,AU,2022-04-20 18:13:32,-26.1898,152.665,67.17,95,18,2.71
449,Lashio,MM,2022-04-20 18:13:32,22.9333,97.75,65.21,75,21,1.88
450,Neuquen,AR,2022-04-20 18:10:07,-38.9516,-68.0591,64.42,26,3,23.09
451,Brewster,US,2022-04-20 18:13:33,41.3973,-73.6171,56.44,40,0,12.66
452,Marawi,PH,2022-04-20 18:13:33,7.9986,124.2928,69.22,94,80,1.79
453,Bemidji,US,2022-04-20 18:13:34,47.4736,-94.8803,37.06,97,100,4.61
454,Manokwari,ID,2022-04-20 18:13:34,-0.8667,134.0833,79.3,79,86,2.55
455,Amberley,US,2022-04-20 18:13:35,39.2048,-84.428,61.56,43,20,8.05
456,Cacoal,BR,2022-04-20 18:13:35,-11.4386,-61.4472,87.01,65,62,1.28
457,Qasigiannguit,GL,2022-04-20 18:13:36,68.8193,-51.1922,16.05,67,4,6.46
458,Inuvik,CA,2022-04-20 18:13:36,68.3499,-133.7218,9.36,85,20,6.91
459,Aripuana,BR,2022-04-20 18:08:49,-9.1667,-60.6333,82.2,90,72,3.51
460,Mahanoro,MG,2022-04-20 18:13:37,-19.9,48.8,75.51,91,38,4.92
461,Yulara,AU,2022-04-20 18:14:37,-25.2406,130.9889,62.44,34,89,9.22
462,Moree,AU,2022-04-20 18:14:38,-29.4667,149.85,48.22,87,98,4.61
463,Cunha,BR,2022-04-20 18:14:38,-23.0744,-44.9597,75.94,63,10,3.78
464,Buenos Aires,AR,2022-04-20 18:11:55,-34.6132,-58.3772,78.78,54,52,9.08
465,Aanekoski,FI,2022-04-20 18:14:39,62.6946,25.818,46.47,95,75,2.42
466,Jalu,LY,2022-04-20 18:14:39,29.0331,21.5482,71.62,18,2,8.63
467,Erdenet,MN,2022-04-20 18:14:40,49.0333,104.0833,26.44,51,98,4.74
468,Kamaishi,JP,2022-04-20 18:14:40,39.2667,141.8833,48.74,92,27,8.46
469,Ouadda,CF,2022-04-20 18:14:40,8.0777,22.4007,80.58,53,95,3.09
470,Sabang,ID,2022-04-20 18:12:04,5.8933,95.3214,83.16,72,100,5.66
471,Bitlis,TR,2022-04-20 18:14:41,38.5,42.25,46.27,57,3,4.5
472,Brzeg,PL,2022-04-20 18:14:30,50.8608,17.4674,44.69,98,100,4.34
473,Moose Factory,CA,2022-04-20 18:14:41,51.2585,-80.6094,42.8,36,0,10.36
474,Seminole,US,2022-04-20 18:14:42,28.7086,-81.2081,81.41,58,100,18.41
475,Sandnessjoen,NO,2022-04-20 18:14:42,66.0217,12.6316,52.32,66,0,8.05
476,Senneterre,CA,2022-04-20 18:14:43,48.3835,-77.2328,36.14,62,58,8.68
477,Walvis Bay,NA,2022-04-20 18:14:43,-22.9575,14.5053,78.1,39,7,11.95
478,Vao,NC,2022-04-20 18:14:44,-22.6667,167.4833,74.88,70,0,8.19
479,Cantanhede,BR,2022-04-20 18:14:44,-3.6333,-44.3767,81.21,90,94,1.68
480,Destin,US,2022-04-20 18:12:57,30.3935,-86.4958,79.65,57,0,21.0
481,Nalut,LY,2022-04-20 18:14:45,30.3333,10.85,83.71,9,87,12.88
482,Marsh Harbour,BS,2022-04-20 18:11:58,26.5412,-77.0636,73.31,65,53,22.41
483,Lukovetskiy,RU,2022-04-20 18:14:45,64.2956,41.9211,27.88,93,28,3.62
484,Rio Gallegos,AR,2022-04-20 18:11:56,-51.6226,-69.2181,64.45,29,40,18.41
485,Canutama,BR,2022-04-20 18:14:46,-6.5339,-64.3831,78.48,92,99,2.71
486,Regina,CA,2022-04-20 18:13:59,50.4501,-104.6178,35.04,84,100,10.0
487,Payao,PH,2022-04-20 18:14:47,10.1833,122.95,78.87,83,26,4.79
488,Sulangan,PH,2022-04-20 18:11:47,11.1373,123.7228,82.53,78,42,10.89
489,Trairi,BR,2022-04-20 18:14:47,-3.2778,-39.2689,83.79,76,92,11.07
490,Cockburn Town,TC,2022-04-20 18:14:48,21.4612,-71.1419,76.98,80,97,11.56
491,Dhemaji,IN,2022-04-20 18:14:48,27.4833,94.5833,72.05,79,84,3.24
492,Lander,US,2022-04-20 18:14:49,42.833,-108.7307,54.0,23,0,20.71
493,High Rock,BS,2022-04-20 18:14:50,26.6208,-78.2833,77.02,61,74,22.95
494,Bobo Dioulasso,BF,2022-04-20 18:14:50,11.1771,-4.2979,96.35,25,94,4.72
495,Srednekolymsk,RU,2022-04-20 18:14:51,67.45,153.6833,1.69,97,50,1.92
496,Karasjok,NO,2022-04-20 18:14:51,69.4719,25.5112,42.85,94,97,3.2
497,Sabha,LY,2022-04-20 18:14:51,27.0377,14.4283,79.92,12,83,9.55
498,Aracati,BR,2022-04-20 18:14:32,-4.5617,-37.7697,85.89,65,72,9.55
499,Krutinka,RU,2022-04-20 18:14:52,56.0055,71.5113,39.4,75,97,5.1
500,Kon Tum,VN,2022-04-20 18:14:53,14.35,108.0,67.15,95,15,2.44
501,Ovsyanka,RU,2022-04-20 18:14:53,55.9575,92.5519,40.17,84,100,4.59
502,Saint-Michel-Des-Saints,CA,2022-04-20 18:14:54,46.6834,-73.9159,35.94,91,100,13.15
503,Matara,LK,2022-04-20 18:14:54,5.9485,80.5353,79.38,87,97,3.13
504,Geraldton,AU,2022-04-20 18:14:55,-28.7667,114.6,66.61,48,99,13.8
505,Honningsvag,NO,2022-04-20 18:14:55,70.9821,25.9704,42.55,75,93,3.44
506,Egvekinot,RU,2022-04-20 18:14:56,66.3167,-179.1667,19.62,87,100,3.44
507,Chichester,GB,2022-04-20 18:14:56,50.8367,-0.78,60.21,59,72,1.01
508,Emba,KZ,2022-04-20 18:14:56,48.8264,58.1442,62.92,39,92,6.38
509,Harrisburg,US,2022-04-20 18:10:12,40.2737,-76.8844,57.87,36,0,7.0
510,Vila Velha,BR,2022-04-20 18:15:57,-20.3297,-40.2925,82.35,73,20,14.97
511,Lvov,UA,2022-04-20 18:15:57,49.8383,24.0232,37.99,95,98,6.78
512,Uyuni,BO,2022-04-20 18:15:58,-20.4597,-66.825,56.98,8,58,12.44
513,Aksarayskiy,RU,2022-04-20 18:15:58,46.7924,48.0119,65.05,52,100,16.42
514,Vostok,RU,2022-04-20 18:15:59,46.4856,135.8833,43.61,62,95,7.99
515,Praxedis Guerrero,MX,2022-04-20 18:15:59,31.3667,-106.0167,83.66,9,2,23.82
516,Songjianghe,CN,2022-04-20 18:15:59,42.1859,127.479,46.83,54,0,9.69
517,Arman,RU,2022-04-20 18:16:00,59.7,150.1667,16.65,91,88,7.81
518,Ravenna,IT,2022-04-20 18:14:19,44.4167,11.9833,55.62,79,99,5.61
519,Mundgod,IN,2022-04-20 18:16:01,14.9667,75.0333,80.51,70,66,7.76
520,Martaban,MM,2022-04-20 18:16:01,16.5314,97.6111,80.94,76,42,4.38
521,Dudinka,RU,2022-04-20 18:16:01,69.4058,86.1778,8.33,87,97,13.29
522,Prince George,CA,2022-04-20 18:12:55,53.9166,-122.753,36.63,93,100,1.99
523,Peniche,PT,2022-04-20 18:16:02,39.3558,-9.3811,59.29,72,3,26.15
524,Dingle,PH,2022-04-20 18:15:21,10.9995,122.6711,76.95,88,15,5.95
525,Hit,IQ,2022-04-20 18:16:03,33.6416,42.8251,73.74,19,46,13.73
526,Sao Joao Da Barra,BR,2022-04-20 18:16:04,-21.6403,-41.0511,84.29,67,0,10.25
527,Santa Isabel,BR,2022-04-20 18:16:04,-23.3156,-46.2214,76.3,57,1,3.96
528,Guajara,BR,2022-04-20 18:16:05,-2.9667,-57.6667,80.31,91,98,3.83
529,Karasburg,NA,2022-04-20 18:16:06,-28.0167,18.75,74.5,26,2,8.79
530,Maningrida,AU,2022-04-20 18:16:06,-12.0667,134.2667,76.78,84,85,6.8
531,Chandbali,IN,2022-04-20 18:16:07,20.7833,86.7667,80.33,85,11,13.09
532,Ambon,ID,2022-04-20 18:15:28,-3.6954,128.1814,78.94,89,40,6.91
533,Cumpas,MX,2022-04-20 18:16:07,29.9833,-109.7833,88.38,12,1,14.63
534,Galveston,US,2022-04-20 18:13:33,29.3669,-94.9669,81.18,78,75,20.71
535,Norden,DE,2022-04-20 18:16:08,53.6,7.2,53.94,78,29,11.07
536,Alofi,NU,2022-04-20 18:16:09,-19.0595,-169.9187,75.09,94,100,4.61
537,Wilmington,US,2022-04-20 18:12:24,34.2257,-77.9447,66.94,42,0,9.22
538,Tuatapere,NZ,2022-04-20 18:16:09,-46.1333,167.6833,59.14,97,97,1.01
539,Kodinsk,RU,2022-04-20 18:16:10,58.6881,99.1844,24.85,96,100,0.98
540,Kalinovskoye,RU,2022-04-20 18:16:11,44.8635,42.9622,47.61,85,94,5.91
541,Penzance,GB,2022-04-20 18:11:49,50.1186,-5.5371,52.16,80,12,5.86
542,Taitung,TW,2022-04-20 18:16:11,22.7583,121.1444,73.11,78,55,3.11
543,Tikaitnagar,IN,2022-04-20 18:16:12,26.95,81.5833,86.81,25,3,8.79
544,Wadi Maliz,TN,2022-04-20 18:16:13,36.4681,8.5495,64.06,75,100,4.21
545,Vila Franca Do Campo,PT,2022-04-20 18:16:14,37.7167,-25.4333,63.01,64,81,2.06
546,Ulverstone,AU,2022-04-20 18:13:53,-41.15,146.1667,50.07,63,35,9.89
547,Abu Samrah,SY,2022-04-20 18:16:14,35.3029,37.1841,57.24,60,0,9.37
548,Buluang,PH,2022-04-20 18:16:15,13.3068,123.3425,76.14,94,13,2.68
549,Matadi,CD,2022-04-20 18:16:16,-5.8167,13.45,77.14,95,100,4.03
550,Lala,PH,2022-04-20 18:16:16,7.9745,123.7458,74.8,95,95,1.66
551,Alta,NO,2022-04-20 18:16:17,69.9689,23.2717,45.66,61,0,2.3
552,Hatillo,PR,2022-04-20 18:16:17,18.4863,-66.8254,85.1,77,96,11.01
553,Remanso,BR,2022-04-20 18:16:18,-9.6179,-42.0831,89.13,43,55,10.36
554,Kropotkin,RU,2022-04-20 18:16:18,45.4375,40.5756,45.19,75,20,6.91
555,Banda Aceh,ID,2022-04-20 18:16:19,5.5577,95.3222,79.93,80,100,4.65
556,Dumas,US,2022-04-20 18:16:19,35.8656,-101.9732,73.54,21,0,13.8
557,Lubango,AO,2022-04-20 18:17:19,-14.9172,13.4925,61.59,77,100,2.3
